model_name,variant,label,accuracy,precision,recall,f1_score,roc_auc,tuned,cv_f1
Logistic Regression,No PCA,Logistic Regression | No PCA,0.7359430604982207,0.5008665511265165,0.7768817204301075,0.6090621707060063,0.8395333041876152,False,
Logistic Regression,PCA,Logistic Regression | PCA,0.7480427046263345,0.5164835164835165,0.7580645161290323,0.6143790849673203,0.8383466570902165,False,
Random Forest,No PCA,Random Forest | No PCA,0.7686832740213523,0.5566265060240964,0.6209677419354839,0.5870393900889453,0.8213016165464405,False,
Random Forest,PCA,Random Forest | PCA,0.7622775800711744,0.5477386934673367,0.5860215053763441,0.5662337662337662,0.8122196025773142,False,
SVM,No PCA,SVM | No PCA,0.7516014234875444,0.5212569316081331,0.7580645161290323,0.6177437020810514,0.8232429295610446,False,
SVM,PCA,SVM | PCA,0.7516014234875444,0.5215759849906192,0.7473118279569892,0.6143646408839779,0.8199328087104062,False,
Gradient Boosting,No PCA,Gradient Boosting | No PCA,0.800711743772242,0.6631205673758865,0.5026881720430108,0.5718654434250765,0.840224213846298,False,
Gradient Boosting,PCA,Gradient Boosting | PCA,0.7921708185053381,0.6428571428571429,0.4838709677419355,0.5521472392638037,0.8325708605273293,False,
Logistic Regression,No PCA Tuned,Logistic Regression | No PCA | Tuned,0.7359430604982207,0.5008695652173913,0.7741935483870968,0.6082365364308342,0.8396035661868033,True,0.6276207786957422
Logistic Regression,PCA Tuned,Logistic Regression | PCA | Tuned,0.7480427046263345,0.5164835164835165,0.7580645161290323,0.6143790849673203,0.8383466570902165,True,0.6306447137884073
Random Forest,No PCA Tuned,Random Forest | No PCA | Tuned,0.7637010676156584,0.5392156862745098,0.739247311827957,0.6235827664399093,0.8397831246291728,True,0.6340319961228007
Random Forest,PCA Tuned,Random Forest | PCA | Tuned,0.7637010676156584,0.5425531914893617,0.6854838709677419,0.6057007125890737,0.8300921733337496,True,0.6223361881802596
SVM,No PCA Tuned,SVM | No PCA | Tuned,0.7516014234875444,0.5212569316081331,0.7580645161290323,0.6177437020810514,0.8232429295610446,True,0.6220226882946193
SVM,PCA Tuned,SVM | PCA | Tuned,0.7473309608540926,0.515426497277677,0.7634408602150538,0.6153846153846154,0.821978213575659,True,0.6231684115708336
Gradient Boosting,No PCA Tuned,Gradient Boosting | No PCA | Tuned,0.80711743772242,0.6823104693140795,0.5080645161290323,0.5824345146379045,0.8419703546409352,True,0.5864431777702909
Gradient Boosting,PCA Tuned,Gradient Boosting | PCA | Tuned,0.7921708185053381,0.6408450704225352,0.489247311827957,0.5548780487804879,0.8346344814664459,True,0.5805010694827147
